,link
0,https://www.getyourguide.com/new-york-city-l59/nyc-summit-one-vanderbilt-experience-ticket-t404501
1,https://www.getyourguide.com/new-york-city-l59/new-york-citypassr-t18597
2,https://www.getyourguide.com/new-york-city-l59/1-day-new-york-city-highlight-tour-with-2-admission-tickets-t642873
3,https://www.getyourguide.com/new-york-city-l59/liberty-harbor-helicopter-adventure-t15252
4,https://www.getyourguide.com/new-york-city-l59/new-york-lady-liberty-70-minute-sightseeing-cruise-t89139
5,https://www.getyourguide.com/new-york-city-l59/new-york-city-15-minute-helicopter-tour-t19901
6,https://www.getyourguide.com/new-york-city-l59/new-york-city-explorer-pass-t5721
7,https://www.getyourguide.com/new-york-city-l59/new-york-statue-of-liberty-ellis-island-guided-tour-t61160
8,https://www.getyourguide.com/new-york-city-l59/nyc-nights-come-alive-skyline-happy-hour-cruise-music-t453100
9,https://www.getyourguide.com/new-york-city-l59/24-or-48-hour-hop-on-hop-off-sightseeing-tour-t52377
10,https://www.getyourguide.com/new-york-city-l59/new-york-city-moulin-rouge-the-musical-broadway-tickets-t295245
11,https://www.getyourguide.com/new-york-city-l59/statue-of-liberty-ellis-island-ticket-options-with-ferry-t393246
12,https://www.getyourguide.com/new-york-city-l59/skip-the-line-tickets-museum-of-modern-art-t14885
13,https://www.getyourguide.com/new-york-city-l59/nyc-one-world-observatory-skip-the-line-ticket-options-t552373
14,https://www.getyourguide.com/new-york-city-l59/washington-dc-1-day-tour-from-nyc-with-us-capitol-option-t134490
15,https://www.getyourguide.com/new-york-city-l59/statue-and-skyline-cruise-aboard-the-luxury-yacht-manhattan-t17115
16,https://www.getyourguide.com/new-york-city-l59/hallelujah-gospel-wednesday-t461710
17,https://www.getyourguide.com/new-york-city-l59/harbor-lights-night-cruise-t108082
18,https://www.getyourguide.com/new-york-city-l59/nyc-city-climb-skyscraping-experience-ticket-t421270
19,https://www.getyourguide.com/new-york-city-l59/early-access-statue-of-liberty-ellis-island-pedestal-t51626
20,https://www.getyourguide.com/new-york-city-l59/nyc-the-lion-king-broadway-tickets-t20493
21,https://www.getyourguide.com/new-york-city-l59/new-york-city-riseny-experience-ticket-t369796
22,https://www.getyourguide.com/new-york-city-l59/new-york-full-island-cruise-of-manhattan-t679
23,https://www.getyourguide.com/new-york-city-l59/nyc-statue-of-liberty-express-skip-the-box-office-cruise-t442077
24,https://www.getyourguide.com/new-york-city-l59/new-york-1-7-day-smart-card-pass-t22518
25,https://www.getyourguide.com/new-york-city-l59/ground-zero-tour-911-memorial-entrance-t25805
26,https://www.getyourguide.com/new-york-city-l59/nyc-guggenheim-museum-entry-ticket-t438085
27,https://www.getyourguide.com/new-york-city-l59/harlem-gospel-wednesday-concert-t66610
28,https://www.getyourguide.com/new-york-city-l59/new-york-city-museum-of-ice-cream-general-admission-ticket-t382713
29,https://www.getyourguide.com/new-york-city-l59/champagne-sunset-cruise-on-yacht-manhattan-t100974
30,https://www.getyourguide.com/new-york-city-l59/nyc-aladdin-broadway-tickets-t42619
31,https://www.getyourguide.com/new-york-city-l59/nyc-the-secrets-of-grand-central-terminal-t325018
32,https://www.getyourguide.com/new-york-city-l59/nyc-and-central-park-horse-carriage-ride-t504656
33,https://www.getyourguide.com/new-york-city-l59/intrepid-sea-air-space-museum-tickets-t47360
34,https://www.getyourguide.com/new-york-city-l59/new-york-hop-on-hop-off-all-loops-48-hour-ticket-t4507
35,https://www.getyourguide.com/new-york-city-l59/123424-hour-central-park-sightseeing-bike-rentals-t19274
36,https://www.getyourguide.com/new-york-city-l59/new-york-city-madame-tussauds-ticket-t205264
37,https://www.getyourguide.com/new-york-city-l59/central-park-sightseeing-bike-tours-t12588
38,https://www.getyourguide.com/new-york-city-l59/nyc-one-way-transfer-tofrom-jfk-airport-and-manhattan-t415999
39,https://www.getyourguide.com/new-york-city-l59/met-express-highlights-of-the-met-museum-in-2-hours-t51632
40,https://www.getyourguide.com/new-york-city-l59/nyc-chicago-broadway-tickets-t294890
41,https://www.getyourguide.com/new-york-city-l59/the-sightseeing-flex-pass-new-york-city-t135944
42,https://www.getyourguide.com/new-york-city-l59/nyc-helicopter-tour-of-the-big-apple-all-inclusive-t456488
43,https://www.getyourguide.com/new-york-city-l59/nyc-back-to-the-future-on-broadway-t567272
44,https://www.getyourguide.com/new-york-city-l59/qc-ny-luxury-spa-on-governors-island-t462372
45,https://www.getyourguide.com/new-york-city-l59/nyc-boroughs-tour-brooklynthe-bronx-harlem-queens-t140589
46,https://www.getyourguide.com/new-york-city-l59/from-nyc-woodbury-common-premium-outlets-shopping-tour-t450939
47,https://www.getyourguide.com/new-york-city-l59/wall-street-insider-tour-t9481
48,https://www.getyourguide.com/new-york-city-l59/nyc-ice-skating-at-rockefeller-center-t442304
49,https://www.getyourguide.com/new-york-city-l59/washington-dc-day-trip-from-new-york-t8915
50,https://www.getyourguide.com/new-york-city-l59/new-york-madison-square-garden-all-access-tour-ticket-t179501
51,https://www.getyourguide.com/new-york-city-l59/bronx-queens-and-brooklyn-new-york-triboro-half-day-tour-t19665
52,https://www.getyourguide.com/new-york-city-l59/manhattan-coach-transfer-fromto-newark-airport-t508434
53,https://www.getyourguide.com/new-york-city-l59/meet-the-met-small-group-metropolitan-museum-tour-t48274
54,https://www.getyourguide.com/new-york-city-l59/from-new-york-city-1-day-niagara-falls-tour-t151799
55,https://www.getyourguide.com/new-york-city-l59/nyc-one-way-shared-transfer-to-or-from-newark-airport-t418273
56,https://www.getyourguide.com/new-york-city-l59/nyc-whitney-museum-and-edward-hopper-s-exhibit-ticket-t55485
57,https://www.getyourguide.com/new-york-city-l59/harlem-gospel-tour-wednesday-t116338
58,https://www.getyourguide.com/new-york-city-l59/new-york-city-sunday-harlem-gospel-tour-t113641
59,https://www.getyourguide.com/new-york-city-l59/new-york-private-transfer-between-jfk-airport-and-manhattan-t583659
60,https://www.getyourguide.com/new-york-city-l59/from-nyc-guided-day-trip-to-washington-dc-by-van-or-bus-t281597
61,https://www.getyourguide.com/new-york-city-l59/nyc-times-square-photo-on-a-billboard-experience-t453699
62,https://www.getyourguide.com/new-york-city-l59/nyc-museum-of-sex-entry-ticket-t432140
63,https://www.getyourguide.com/new-york-city-l59/nyc-grand-central-terminal-official-walking-tour-t428395
64,https://www.getyourguide.com/new-york-city-l59/nyc-city-lights-cruise-on-yacht-t412929
65,https://www.getyourguide.com/new-york-city-l59/nyc-dinner-cruise-jazz-night-t487366
66,https://www.getyourguide.com/new-york-city-l59/graffiti-street-art-walking-tour-in-nyc-t50950
67,https://www.getyourguide.com/new-york-city-l59/vip-central-park-private-horse-carriage-ride-t400774
68,https://www.getyourguide.com/new-york-city-l59/secret-food-tours-new-york-chinatown-little-italy-t462115
69,https://www.getyourguide.com/new-york-city-l59/niagara-falls-in-one-day-tour-from-new-york-city-t134328
70,https://www.getyourguide.com/new-york-city-l59/sunday-walking-tour-and-gospel-in-west-harlem-t440783
71,https://www.getyourguide.com/new-york-city-l59/brooklyn-bridge-dumbo-walking-tour-t459849
72,https://www.getyourguide.com/new-york-city-l59/nyc-fastpass-for-st-patrick-s-cathedral-official-audio-tour-t388541
73,https://www.getyourguide.com/new-york-city-l59/new-york-brooklyn-nets-nba-game-ticket-at-barclays-center-t528708
74,https://www.getyourguide.com/new-york-city-l59/new-york-new-york-mets-baseball-game-ticket-at-citi-field-t443356
75,https://www.getyourguide.com/new-york-city-l59/nyc-gilded-age-mansions-guided-tour-t458985
76,https://www.getyourguide.com/new-york-city-l59/nyc-chinatown-and-little-italy-lunchtime-food-tour-t418173
77,https://www.getyourguide.com/new-york-city-l59/new-york-city-two-hour-cruise-t681
78,https://www.getyourguide.com/new-york-city-l59/wall-street-walking-tour-t111655
79,https://www.getyourguide.com/new-york-city-l59/new-york-city-luxury-brunch-lunch-or-dinner-cruise-t279782
80,https://www.getyourguide.com/new-york-city-l59/new-york-city-private-central-park-pedicab-tour-t346276
81,https://www.getyourguide.com/new-york-city-l59/nyc-contrasts-color-bus-tour-of-bronx-brooklyn-queens-t400285
82,https://www.getyourguide.com/new-york-city-l59/usa-esim-data-plans-from-1gb-to-20gb-t594940
83,https://www.getyourguide.com/new-york-city-l59/nyc-new-york-city-of-contrasts-exclusive-spanish-tour-t281607
84,https://www.getyourguide.com/new-york-city-l59/soho-little-italy-chinatown-tour-t46043
85,https://www.getyourguide.com/new-york-city-l59/home-alone-2-tour-in-stretch-limousine-t441680
86,https://www.getyourguide.com/new-york-city-l59/triboro-contrast-foreign-language-tour-t32598
87,https://www.getyourguide.com/new-york-city-l59/statue-of-liberty-ellis-island-vip-tour-with-crown-access-t134331
88,https://www.getyourguide.com/new-york-city-l59/nyc-central-park-celebrity-homes-film-spots-pedicab-tour-t428932
89,https://www.getyourguide.com/new-york-city-l59/4-hour-harlem-gospel-tour-in-new-york-city-t19445
90,https://www.getyourguide.com/new-york-city-l59/new-york-city-insiders-rooftop-and-club-experience-t176517
91,https://www.getyourguide.com/new-york-city-l59/the-hamptons-sag-harbor-outlet-shopping-day-trip-t9041
92,https://www.getyourguide.com/new-york-city-l59/new-york-all-acces-option-for-911-ground-zero-tour-t58118
93,https://www.getyourguide.com/new-york-city-l59/gossip-girl-sites-tour-t514
94,https://www.getyourguide.com/new-york-city-l59/new-york-city-electric-scooter-rental-t398487
95,https://www.getyourguide.com/new-york-city-l59/sopranos-sites-tour-t515
96,https://www.getyourguide.com/new-york-city-l59/nyc-prohibition-pub-and-history-tour-t201391
97,https://www.getyourguide.com/new-york-city-l59/new-york-city-central-park-2-hour-electric-scooter-tour-t398155
98,https://www.getyourguide.com/new-york-city-l59/experience-the-ride-in-new-york-city-t28633
99,https://www.getyourguide.com/new-york-city-l59/new-york-radio-city-stage-door-tour-ticket-t179495
100,https://www.getyourguide.com/new-york-city-l59/boston-and-the-freedom-trail-from-new-york-day-trip-t9039
101,https://www.getyourguide.com/new-york-city-l59/central-park-bicycle-tour-t134295
102,https://www.getyourguide.com/new-york-city-l59/all-star-stand-up-comedy-live-at-broadway-comedy-club-t586462
103,https://www.getyourguide.com/new-york-city-l59/new-york-professional-photoshoot-at-brooklyn-bridge-t470224
104,https://www.getyourguide.com/new-york-city-l59/couple-s-private-helicopter-tour-over-new-york-t63337
105,https://www.getyourguide.com/new-york-city-l59/washington-dc-day-trip-by-bus-from-new-york-t69848
106,https://www.getyourguide.com/new-york-city-l59/nyc-statue-of-liberty-sunset-cruise-skip-the-box-office-t449842
107,https://www.getyourguide.com/new-york-city-l59/nyc-central-park-bike-rental-t155676
108,https://www.getyourguide.com/new-york-city-l59/mafia-in-little-italy-walking-tour-t471223
109,https://www.getyourguide.com/new-york-city-l59/central-park-5-star-bike-tour-t165315
110,https://www.getyourguide.com/new-york-city-l59/niagara-falls-toronto-and-1000-islands-3-day-tour-t9111
111,https://www.getyourguide.com/new-york-city-l59/july-4th-family-fireworks-party-cruise-on-cornucopia-majesty-t456929
112,https://www.getyourguide.com/new-york-city-l59/new-york-city-buffet-lunch-or-dinner-cruise-t278092
113,https://www.getyourguide.com/new-york-city-l59/philadelphia-and-the-amish-country-day-trip-from-new-york-t8955
114,https://www.getyourguide.com/new-york-city-l59/city-lights-experience-night-tour-of-new-york-city-t113713
115,https://www.getyourguide.com/new-york-city-l59/new-york-guided-wall-street-little-italy-china-town-tour-t220782
116,https://www.getyourguide.com/new-york-city-l59/nyc-statue-of-liberty-brooklyn-bridge-cruise-t531521
117,https://www.getyourguide.com/new-york-city-l59/new-york-statue-of-liberty-cruise-t684
118,https://www.getyourguide.com/new-york-city-l59/metropolitan-museum-of-art-tour-private-or-semi-private-t129108
119,https://www.getyourguide.com/new-york-city-l59/nyc-grand-central-terminal-self-guided-walking-tour-t401005
120,https://www.getyourguide.com/new-york-city-l59/sunset-sail-aboard-the-schooner-adirondack-t38736
121,https://www.getyourguide.com/new-york-city-l59/sunday-gospel-in-harlem-t83253
122,https://www.getyourguide.com/new-york-city-l59/brooklyn-brooklyn-heights-dumbo-neighborhood-food-tour-t410424
123,https://www.getyourguide.com/new-york-city-l59/new-york-city-welcome-private-tour-with-a-local-t69128
124,https://www.getyourguide.com/new-york-city-l59/beast-speedboat-ride-t683
125,https://www.getyourguide.com/new-york-city-l59/dyker-heights-new-york-christmas-lights-tour-t128106
126,https://www.getyourguide.com/new-york-city-l59/new-york-hell-s-kitchen-food-tour-t43105
127,https://www.getyourguide.com/new-york-city-l59/new-york-city-mafia-experience-local-food-w-nypd-guide-t534428
128,https://www.getyourguide.com/new-york-city-l59/3-neighborhoods-tour-soho-chinatown-little-italy-t72308
129,https://www.getyourguide.com/new-york-city-l59/new-york-by-night-tour-t52586
130,https://www.getyourguide.com/new-york-city-l59/new-york-city-midtown-bar-and-speakeasy-crawl-t218337
131,https://www.getyourguide.com/new-york-city-l59/sunday-evening-jazz-cruise-of-new-york-harbor-t26649
132,https://www.getyourguide.com/new-york-city-l59/1-hr-central-park-pedicab-tour-t16768
133,https://www.getyourguide.com/new-york-city-l59/skip-the-line-tickets-to-bronx-zoo-with-private-transfers-t525907
134,https://www.getyourguide.com/new-york-city-l59/new-york-city-manhattan-electric-scooter-rental-t393751
135,https://www.getyourguide.com/new-york-city-l59/2-day-tour-washington-dcphiladelphia-amish-country-t9091
136,https://www.getyourguide.com/new-york-city-l59/around-manhattan-official-nyc-architecture-cruise-t24798
137,https://www.getyourguide.com/new-york-city-l59/new-york-heritage-walking-tour-with-a-local-t3853
138,https://www.getyourguide.com/new-york-city-l59/nyc-night-skyline-tour-t592737
139,https://www.getyourguide.com/new-york-city-l59/luxury-yacht-tour-275-hour-brunch-cruise-around-manhattan-t17151
140,https://www.getyourguide.com/new-york-city-l59/new-york-harbor-high-speed-boat-tour-t232577
141,https://www.getyourguide.com/new-york-city-l59/nyc-new-year-s-eve-buffet-dinner-fireworks-harbor-cruise-t433781
142,https://www.getyourguide.com/new-york-city-l59/60-min-sunset-statue-of-liberty-ellis-island-cruise-t123038
143,https://www.getyourguide.com/new-york-city-l59/new-york-solar-eclipse-viewing-cruise-with-drinks-t629098
144,https://www.getyourguide.com/new-york-city-l59/fifth-ave-gilded-age-mansions-tour-t445324
145,https://www.getyourguide.com/new-york-city-l59/nyc-dinner-cruise-on-the-luxurious-boat-3-hours-duration-t533982
146,https://www.getyourguide.com/new-york-city-l59/nyc-christmas-lights-private-horse-carriage-ride-t549954
147,https://www.getyourguide.com/new-york-city-l59/new-york-city-central-park-horse-drawn-carriage-ride-t207306
148,https://www.getyourguide.com/new-york-city-l59/new-york-city-private-suv-tour-of-new-york-city-highlights-t444125
149,https://www.getyourguide.com/new-york-city-l59/nyc-hop-on-hop-off-bus-empire-state-ferry-ticket-combo-t429079
150,https://www.getyourguide.com/new-york-city-l59/ghosts-of-greenwich-village-tour-t72311
151,https://www.getyourguide.com/new-york-city-l59/nyc-statue-of-liberty-and-ellis-island-tour-with-ferry-t432471
152,https://www.getyourguide.com/new-york-city-l59/newark-liberty-international-airport-1-way-transfer-to-nyc-t417052
153,https://www.getyourguide.com/new-york-city-l59/new-york-city-central-park-guided-pedicab-tour-t269882
154,https://www.getyourguide.com/new-york-city-l59/skip-the-line-911-museum-ticket-memorial-tour-t51628
155,https://www.getyourguide.com/new-york-city-l59/nyc-moma-before-hours-tour-with-art-expert-t446965
156,https://www.getyourguide.com/new-york-city-l59/nyc-harry-potter-and-the-cursed-child-broadway-tickets-t284037
157,https://www.getyourguide.com/new-york-city-l59/statue-of-liberty-sail-on-the-classic-schooner-shearwater-t7705
158,https://www.getyourguide.com/new-york-city-l59/new-york-private-personalized-tour-with-driver-and-guide-t186834
159,https://www.getyourguide.com/new-york-city-l59/4-day-tour-of-america-from-new-york-city-t9109
160,https://www.getyourguide.com/new-york-city-l59/new-york-city-july-4th-fireworks-cruise-all-inclusive-party-t616941
161,https://www.getyourguide.com/new-york-city-l59/nyc-s-underground-subway-tour-t437630
162,https://www.getyourguide.com/new-york-city-l59/meal-at-hard-rock-cafe-new-york-in-times-square-t108052
163,https://www.getyourguide.com/new-york-city-l59/new-york-city-pride-walking-tour-t241017
164,https://www.getyourguide.com/new-york-city-l59/new-york-harbor-1-hour-jet-ski-tour-t91887
165,https://www.getyourguide.com/new-york-city-l59/nyc-private-contrast-tour-of-new-york-t556942
166,https://www.getyourguide.com/new-york-city-l59/new-york-city-central-park-private-horse-and-carriage-tour-t434509
167,https://www.getyourguide.com/new-york-city-l59/5-day-tour-of-america-from-new-york-city-t9113
168,https://www.getyourguide.com/new-york-city-l59/ground-zero-walking-tour-with-911-museum-ticket-t208074
169,https://www.getyourguide.com/new-york-city-l59/from-nyc-exclusive-spanish-language-day-trip-to-boston-t287535
170,https://www.getyourguide.com/new-york-city-l59/half-day-brooklyn-dyker-heights-christmas-lights-tour-t157260
171,https://www.getyourguide.com/new-york-city-l59/harlem-renaissance-walking-tour-with-lunch-t41275
172,https://www.getyourguide.com/new-york-city-l59/secret-bars-and-speakeasy-ny-experience-t478205
173,https://www.getyourguide.com/new-york-city-l59/new-york-tour-the-christmas-lights-on-a-horse-carriage-ride-t407710
174,https://www.getyourguide.com/new-york-city-l59/nyc-christmas-eve-buffet-lunch-or-dinner-harbor-cruise-t432165
175,https://www.getyourguide.com/new-york-city-l59/new-york-italian-food-tasting-tour-t47951
176,https://www.getyourguide.com/new-york-city-l59/food-tour-of-greenwich-village-t18796
177,https://www.getyourguide.com/new-york-city-l59/harlem-jazz-and-blues-tour-t27481
178,https://www.getyourguide.com/new-york-city-l59/the-new-york-city-bike-tour-t48813
179,https://www.getyourguide.com/new-york-city-l59/half-day-panoramic-night-tour-of-new-york-city-t151778
180,https://www.getyourguide.com/new-york-city-l59/luggage-storage-in-new-york-city-t499808
181,https://www.getyourguide.com/new-york-city-l59/central-park-all-day-bike-rental-t158151
182,https://www.getyourguide.com/new-york-city-l59/from-new-york-city-boston-in-one-day-tour-t165062
183,https://www.getyourguide.com/new-york-city-l59/new-york-city-bushwick-street-art-and-williamsburg-t436364
184,https://www.getyourguide.com/new-york-city-l59/brooklyn-bridge-and-dumbo-personal-photographer-t165131
185,https://www.getyourguide.com/new-york-city-l59/nyc-harry-potter-new-york-experience-with-wand-butterbeer-t494268
186,https://www.getyourguide.com/new-york-city-l59/nyc-wall-street-tour-with-911-memorial-and-statue-ferry-t46967
187,https://www.getyourguide.com/new-york-city-l59/new-york-champagne-sunset-sail-aboard-a-schooner-t23020
188,https://www.getyourguide.com/new-york-city-l59/new-york-new-york-islanders-ice-hockey-game-ticket-t483287
189,https://www.getyourguide.com/new-york-city-l59/nyc-the-superhero-walking-tour-of-new-york-t70983
190,https://www.getyourguide.com/new-york-city-l59/nyc-to-the-statue-of-liberty-guided-tour-by-ferry-cruise-t597653
191,https://www.getyourguide.com/new-york-city-l59/new-york-manhattan-tv-and-movie-bus-tour-with-actor-guide-t407076
192,https://www.getyourguide.com/new-york-city-l59/from-nyc-full-day-niagara-falls-tour-by-van-t518675
193,https://www.getyourguide.com/new-york-city-l59/tribeca-architecture-history-walking-tour-t276037
194,https://www.getyourguide.com/new-york-city-l59/niagara-falls-from-nyc-one-day-private-trip-by-car-t525424
195,https://www.getyourguide.com/new-york-city-l59/central-park-zoo-skip-the-line-tickets-private-transfers-t525906
196,https://www.getyourguide.com/new-york-city-l59/nyc-museum-of-arts-and-design-taylor-swift-exhibit-ticket-t546255
197,https://www.getyourguide.com/new-york-city-l59/nyc-jfk-airport-private-transfer-by-toyota-sienna-t631871
198,https://www.getyourguide.com/new-york-city-l59/new-york-city-1-hour-escape-room-adventure-t317762
199,https://www.getyourguide.com/new-york-city-l59/new-york-cupcake-tour-t47956
200,https://www.getyourguide.com/new-york-city-l59/new-york-city-blue-man-group-tickets-t417492
201,https://www.getyourguide.com/new-york-city-l59/new-york-city-central-park-walking-tour-t485804
202,https://www.getyourguide.com/new-york-city-l59/greenwich-village-tour-t46058
203,https://www.getyourguide.com/new-york-city-l59/bus-travel-between-washington-dc-and-new-york-t538201
204,https://www.getyourguide.com/new-york-city-l59/combo-one-day-niagara-falls-tour-washington-tour-t141063
205,https://www.getyourguide.com/new-york-city-l59/harlem-gospel-and-brunch-tour-t41225
206,https://www.getyourguide.com/new-york-city-l59/area-53-nyc-unforgettable-adventure-park-experience-t516801
207,https://www.getyourguide.com/new-york-city-l59/nyc-christmas-day-gourmet-brunch-or-dinner-harbor-cruise-t432155
208,https://www.getyourguide.com/new-york-city-l59/new-york-e-bike-rental-for-central-park-t202855
209,https://www.getyourguide.com/new-york-city-l59/superheroes-of-new-york-tour-t75339
210,https://www.getyourguide.com/new-york-city-l59/new-york-city-2-hour-day-sail-aboard-the-schooner-adirondack-t18694
211,https://www.getyourguide.com/new-york-city-l59/new-york-city-harlem-civil-rights-walking-tour-with-lunch-t410315
212,https://www.getyourguide.com/new-york-city-l59/new-york-carriage-ride-in-central-park-t211620
213,https://www.getyourguide.com/new-york-city-l59/central-park-bike-rental-t608208
214,https://www.getyourguide.com/new-york-city-l59/the-house-of-cannabis-thc-nyc-t465327
215,https://www.getyourguide.com/new-york-city-l59/july-4th-fireworks-party-cruise-aboard-cornucopia-princess-t458947
216,https://www.getyourguide.com/new-york-city-l59/chelsea-market-meatpacking-high-line-food-history-tour-t210972
217,https://www.getyourguide.com/new-york-city-l59/private-helicopter-tour-over-new-york-t115921
218,https://www.getyourguide.com/new-york-city-l59/nyc-guided-tour-of-staten-island-ferry-statue-of-liberty-t414464
219,https://www.getyourguide.com/new-york-city-l59/discover-nyc-bus-foot-and-boat-cruise-day-tour-t64279
220,https://www.getyourguide.com/new-york-city-l59/yankees-baseball-harlembronx-hip-hop-1-day-t440083
221,https://www.getyourguide.com/new-york-city-l59/nyc-rockefeller-and-times-square-vip-horse-carriage-tour-t410316
222,https://www.getyourguide.com/new-york-city-l59/nyc-a-beautiful-noise-the-neil-diamond-musical-ticket-t434254
223,https://www.getyourguide.com/new-york-city-l59/chelsea-market-the-highline-food-and-culture-walking-tour-t518487
224,https://www.getyourguide.com/new-york-city-l59/central-park-home-alone-2-and-elf-tour-t596431
225,https://www.getyourguide.com/new-york-city-l59/the-new-york-city-sightseeing-pass-multiple-day-options-t135306
226,https://www.getyourguide.com/new-york-city-l59/nyc-upper-west-side-walking-food-tour-t508263
227,https://www.getyourguide.com/new-york-city-l59/2-days-in-nyc-must-see-sites-and-hidden-gems-t144990
228,https://www.getyourguide.com/new-york-city-l59/short-central-park-evening-horse-carriage-ride-t207318
229,https://www.getyourguide.com/new-york-city-l59/secret-food-tours-new-york-city-t105856
230,https://www.getyourguide.com/new-york-city-l59/financial-crisis-wall-street-tour-t9479
231,https://www.getyourguide.com/new-york-city-l59/nyc-hamilton-broadway-tickets-t52911
232,https://www.getyourguide.com/new-york-city-l59/soho-little-italy-and-chinatown-guided-tour-t514924
233,https://www.getyourguide.com/new-york-city-l59/new-york-city-must-see-combo-guided-tour-t251932
234,https://www.getyourguide.com/new-york-city-l59/new-york-city-dueling-pianos-show-t426925
235,https://www.getyourguide.com/new-york-city-l59/new-york-city-top-sights-walking-tour-with-local-guide-t219741
236,https://www.getyourguide.com/new-york-city-l59/central-park-yoga-with-a-view-in-the-heart-of-new-york-city-t524016
237,https://www.getyourguide.com/new-york-city-l59/new-york-the-insider-s-scavenger-hunt-t207918
238,https://www.getyourguide.com/new-york-city-l59/nyc-tour-and-tasting-at-brooklyn-winery-t504129
239,https://www.getyourguide.com/new-york-city-l59/chinatown-little-italy-food-fest-ahoy-ny-food-tours-t552851
240,https://www.getyourguide.com/new-york-city-l59/central-harlem-mecca-of-african-american-culture-t83247
241,https://www.getyourguide.com/new-york-city-l59/new-york-city-pizza-bus-t47437
242,https://www.getyourguide.com/new-york-city-l59/brooklyn-private-nyc-sightseeing-sailboat-cruise-t417148
243,https://www.getyourguide.com/new-york-city-l59/central-park-electric-scooter-rentals-t533930
244,https://www.getyourguide.com/new-york-city-l59/nyc-juliet-on-broadway-t434094
245,https://www.getyourguide.com/new-york-city-l59/48-hour-hop-on-hop-off-new-york-tour-with-harbor-cruise-t21017
246,https://www.getyourguide.com/new-york-city-l59/chinatown-walking-food-tour-of-new-york-t453174
247,https://www.getyourguide.com/new-york-city-l59/greenwich-village-tour-t72313
248,https://www.getyourguide.com/new-york-city-l59/greenwich-village-jazz-crawl-t29378
249,https://www.getyourguide.com/new-york-city-l59/docent-led-tour-of-the-museum-at-eldridge-street-t541906
250,https://www.getyourguide.com/new-york-city-l59/ghostbusters-sites-tour-t480502
251,https://www.getyourguide.com/new-york-city-l59/from-westchester-new-york-city-scenic-helicopter-tour-t133743
252,https://www.getyourguide.com/new-york-city-l59/sex-and-the-city-hotspots-tour-t464
253,https://www.getyourguide.com/new-york-city-l59/new-york-city-2-hour-gossip-girl-tour-t127106
254,https://www.getyourguide.com/new-york-city-l59/new-york-buffet-lunch-or-dinner-cruise-from-new-jersey-t280602
255,https://www.getyourguide.com/new-york-city-l59/lower-east-side-pizza-walk-t47439
256,https://www.getyourguide.com/new-york-city-l59/central-park-movie-sites-walking-tour-t516
257,https://www.getyourguide.com/new-york-city-l59/nyc-brooklyn-nightlife-pub-crawl-t431687
258,https://www.getyourguide.com/new-york-city-l59/new-york-city-slavery-and-underground-railroad-tour-t21747
259,https://www.getyourguide.com/new-york-city-l59/nyc-broadway-behind-the-scenes-walking-tour-studio-visit-t422058
260,https://www.getyourguide.com/new-york-city-l59/private-tour-of-the-metropolitan-museum-of-art-new-york-city-t47583
261,https://www.getyourguide.com/new-york-city-l59/nyc-bagel-tour-with-bagel-tastings-t444893
262,https://www.getyourguide.com/new-york-city-l59/new-york-city-holiday-sunset-cocoa-cruise-t393355
263,https://www.getyourguide.com/new-york-city-l59/vip-sunrise-at-empire-state-with-optional-state-breakfast-t121154
264,https://www.getyourguide.com/new-york-city-l59/nyc-vip-rock-pass-with-top-of-the-rock-observation-deck-t617984
265,https://www.getyourguide.com/new-york-city-l59/central-park-rockefeller-times-square-horse-carriage-ride-t207333
266,https://www.getyourguide.com/new-york-city-l59/private-yacht-luxury-statue-of-liberty-boat-tour-t450947
267,https://www.getyourguide.com/new-york-city-l59/new-york-rooftop-pub-crawl-t604433
268,https://www.getyourguide.com/new-york-city-l59/meatpacking-district-chelsea-market-and-the-highline-tour-t72312
269,https://www.getyourguide.com/new-york-city-l59/perfect-bagel-baking-workshop-t460285
270,https://www.getyourguide.com/new-york-city-l59/new-york-pizza-beer-and-history-tour-t192591
271,https://www.getyourguide.com/new-york-city-l59/central-park-pedicab-tours-t515487
272,https://www.getyourguide.com/new-york-city-l59/new-york-city-haunted-greenwich-village-ghost-tour-t336211
273,https://www.getyourguide.com/new-york-city-l59/self-guided-tour-of-the-museum-at-eldridge-street-t528325
274,https://www.getyourguide.com/new-york-city-l59/brooklyn-nyc-food-walking-tour-w5th-generation-new-yorker-t531514
275,https://www.getyourguide.com/new-york-city-l59/new-york-magical-christmas-lights-tour-in-brooklyn-t441636
276,https://www.getyourguide.com/new-york-city-l59/shopping-tour-of-fashion-rich-soho-new-york-t590119
277,https://www.getyourguide.com/new-york-city-l59/from-new-york-philadelphia-day-trip-t395396
278,https://www.getyourguide.com/new-york-city-l59/central-park-electric-scooter-rental-t605525
279,https://www.getyourguide.com/new-york-city-l59/new-york-christmas-lights-in-dyker-heights-t58158
280,https://www.getyourguide.com/new-york-city-l59/new-york-guided-2-hour-central-park-bike-tour-t23534
281,https://www.getyourguide.com/new-york-city-l59/greenwich-village-lgbtq-pride-walking-tour-t489099
282,https://www.getyourguide.com/new-york-city-l59/new-york-city-25-hour-central-park-highlights-walking-tour-t358270
283,https://www.getyourguide.com/new-york-city-l59/central-park-electric-bike-rental-t624651
284,https://www.getyourguide.com/new-york-city-l59/new-york-city-day-trip-to-wine-country-t213612
285,https://www.getyourguide.com/new-york-city-l59/from-nyc-atlantic-city-and-caesar-s-casino-day-tour-by-bus-t434773
286,https://www.getyourguide.com/new-york-city-l59/new-york-professional-photoshoot-at-central-park-t467394
287,https://www.getyourguide.com/new-york-city-l59/comprehensive-55-hour-new-york-city-tour-t19357
288,https://www.getyourguide.com/new-york-city-l59/nyc-superheroes-and-comic-book-origins-walking-tour-t430166
289,https://www.getyourguide.com/new-york-city-l59/new-york-personal-travel-photographer-t67606
290,https://www.getyourguide.com/new-york-city-l59/private-transfers-between-lga-airport-and-new-york-city-t590338
291,https://www.getyourguide.com/new-york-city-l59/cocoa-carols-or-holiday-jazz-cruise-aboard-yacht-manhattan-t16932
292,https://www.getyourguide.com/new-york-city-l59/lower-manhattan-tour-wall-street-911-memorial-t60760
293,https://www.getyourguide.com/new-york-city-l59/nyc-new-york-mets-citi-field-stadium-tour-t439952
294,https://www.getyourguide.com/new-york-city-l59/heart-soul-of-greenwich-village-food-and-culture-tour-t519122
295,https://www.getyourguide.com/new-york-city-l59/2-hour-day-sail-to-statue-of-liberty-on-america-20-t101345
296,https://www.getyourguide.com/new-york-city-l59/nyc-christmas-day-buffet-brunch-or-dinner-harbor-cruise-t432169
297,https://www.getyourguide.com/new-york-city-l59/new-york-garment-district-top-fashion-designers-history-tour-t596088
298,https://www.getyourguide.com/new-york-city-l59/fall-foliage-hudson-river-cruise-on-1920-s-style-yacht-t122391
299,https://www.getyourguide.com/new-york-city-l59/us-sideniagara-falls-2-day-trip-from-new-yorknew-jersey-t639311
300,https://www.getyourguide.com/new-york-city-l59/nyc-rockefeller-center-art-architecture-guided-tour-t108328
301,https://www.getyourguide.com/new-york-city-l59/new-york-brooklyn-bridge-sightseeing-bike-tour-t42368
302,https://www.getyourguide.com/new-york-city-l59/new-york-city-the-book-of-mormon-musical-broadway-ticket-t294870
303,https://www.getyourguide.com/new-york-city-l59/harlem-afternoon-jazz-series-t49149
304,https://www.getyourguide.com/new-york-city-l59/central-park-e-bike-rentals-of-new-york-city-t541367
305,https://www.getyourguide.com/new-york-city-l59/new-york-city-museum-of-broadway-entry-ticket-t427850
306,https://www.getyourguide.com/new-york-city-l59/nyc-highlights-of-manhattan-tour-in-a-classic-car-t446618
307,https://www.getyourguide.com/new-york-city-l59/new-york-city-holiday-cocoa-sightseeing-cruise-t393323
308,https://www.getyourguide.com/new-york-city-l59/nyc-greenwich-village-walking-food-tour-t553804
309,https://www.getyourguide.com/new-york-city-l59/new-york-private-custom-tour-with-a-local-guide-t467619
310,https://www.getyourguide.com/new-york-city-l59/new-york-city-underground-donut-tour-t238107
311,https://www.getyourguide.com/new-york-city-l59/fall-foliage-cruise-on-the-hudson-river-t26637
312,https://www.getyourguide.com/new-york-city-l59/nyc-skip-the-line-summit-one-vanderbilt-private-guided-tour-t515936
313,https://www.getyourguide.com/new-york-city-l59/new-york-alive-after-five-cocktail-cruise-t46312
314,https://www.getyourguide.com/new-york-city-l59/wwii-and-american-war-history-private-tour-t530741
315,https://www.getyourguide.com/new-york-city-l59/dyker-heights-lights-christmas-in-nyc-tour-t155220
316,https://www.getyourguide.com/new-york-city-l59/new-york-city-skyline-tour-t594273
317,https://www.getyourguide.com/new-york-city-l59/williamsburg-bites-brooklyn-food-tour-t44354
318,https://www.getyourguide.com/new-york-city-l59/911-memorial-museum-ticket-in-app-audio-tour-t479492
319,https://www.getyourguide.com/new-york-city-l59/new-york-central-park-horse-drawn-carriage-ride-with-photos-t373265
320,https://www.getyourguide.com/new-york-city-l59/new-york-1-way-transfer-tofrom-jfk-grand-central-station-t545458
321,https://www.getyourguide.com/new-york-city-l59/downtown-bike-tour-with-stylish-dutch-bikes-t594860
322,https://www.getyourguide.com/new-york-city-l59/nyc-911-memorial-tour-and-optional-observatory-ticket-t57882
323,https://www.getyourguide.com/new-york-city-l59/new-york-by-car-a-tour-of-iconic-landmark-t623544
324,https://www.getyourguide.com/new-york-city-l59/new-york-city-central-park-walking-tour-t178613
325,https://www.getyourguide.com/new-york-city-l59/new-york-holiday-lights-and-movie-sites-tour-t41221
326,https://www.getyourguide.com/new-york-city-l59/new-york-university-campus-private-walking-tour-t524644
327,https://www.getyourguide.com/new-york-city-l59/official-exclusive-vip-horse-carriage-ride-in-central-park-t504253
328,https://www.getyourguide.com/new-york-city-l59/new-york-city-holiday-lights-guided-bus-tour-at-night-t64280
329,https://www.getyourguide.com/new-york-city-l59/standard-central-park-horse-carriage-ride-t193832
330,https://www.getyourguide.com/new-york-city-l59/new-york-hamilton-happy-hour-small-group-walking-tour-t72730
331,https://www.getyourguide.com/new-york-city-l59/new-york-sex-and-the-city-private-limousine-tour-t410076
332,https://www.getyourguide.com/new-york-city-l59/discover-the-village-with-a-local-t553747
333,https://www.getyourguide.com/new-york-city-l59/new-york-city-35-hour-super-tour-t111613
334,https://www.getyourguide.com/new-york-city-l59/new-york-the-gilded-age-they-heyday-of-high-society-t92514
335,https://www.getyourguide.com/new-york-city-l59/comedy-history-tours-nyc-s-history-of-comedy-tour-t440367
336,https://www.getyourguide.com/new-york-city-l59/nyc-times-squarehell-s-kitchen-drinks-and-history-tour-t378429
337,https://www.getyourguide.com/new-york-city-l59/private-harlem-historical-tour-in-new-york-city-t144708
338,https://www.getyourguide.com/new-york-city-l59/new-york-history-walking-tour-with-911-memorial-t596036
339,https://www.getyourguide.com/new-york-city-l59/lower-east-side-food-history-tour-t483046
340,https://www.getyourguide.com/new-york-city-l59/nyc-great-jones-distillery-tour-with-whiskey-tasting-t450234
341,https://www.getyourguide.com/new-york-city-l59/hard-rock-cafe-yankee-stadium-t52079
342,https://www.getyourguide.com/new-york-city-l59/manhattan-shared-transfer-to-or-from-laguardia-airport-t418276
343,https://www.getyourguide.com/new-york-city-l59/stand-up-comedy-at-our-greenwich-village-comedy-club-t602919
344,https://www.getyourguide.com/new-york-city-l59/nyc-statue-of-liberty-ellis-island-guided-city-boat-tour-t477721
345,https://www.getyourguide.com/new-york-city-l59/secret-places-of-central-park-t479637
346,https://www.getyourguide.com/new-york-city-l59/new-york-s-original-speakeasy-experience-t532784
347,https://www.getyourguide.com/new-york-city-l59/express-limo-inc-t543439
348,https://www.getyourguide.com/new-york-city-l59/nyc-central-park-horse-carriage-ride-t620151
349,https://www.getyourguide.com/new-york-city-l59/new-york-city-sunset-sailing-cruise-with-wine-tasting-t430583
350,https://www.getyourguide.com/new-york-city-l59/wall-street-and-911-memorial-tour-t497424
351,https://www.getyourguide.com/new-york-city-l59/nyc-midtown-highlights-tour-with-included-summit-tickets-t612978
352,https://www.getyourguide.com/new-york-city-l59/horse-and-carriage-rides-central-park-t520721
353,https://www.getyourguide.com/new-york-city-l59/dueling-pianos-brunch-show-t467259
354,https://www.getyourguide.com/new-york-city-l59/nyc-midtown-walking-tour-with-summit-one-vanderbilt-ticket-t402386
355,https://www.getyourguide.com/new-york-city-l59/new-york-city-15-hour-hudson-yards-and-the-high-line-tour-t251307
356,https://www.getyourguide.com/new-york-city-l59/walking-tour-of-911-memorial-and-one-world-trade-observatory-t131196
357,https://www.getyourguide.com/new-york-city-l59/wall-street-and-financial-district-private-walking-tour-t530190
358,https://www.getyourguide.com/new-york-city-l59/new-york-christmas-holiday-tour-t84480
359,https://www.getyourguide.com/new-york-city-l59/shopping-at-jersey-gardens-t606666
360,https://www.getyourguide.com/new-york-city-l59/new-york-hell-s-kitchen-food-central-park-combo-tour-t43879
361,https://www.getyourguide.com/new-york-city-l59/new-york-city-christmas-eve-gourmet-lunch-or-dinner-cruise-t16467
362,https://www.getyourguide.com/new-york-city-l59/nyc-4th-of-july-family-fireworks-cruise-t601951
363,https://www.getyourguide.com/new-york-city-l59/new-york-city-bronx-walking-tour-in-french-t595478
364,https://www.getyourguide.com/new-york-city-l59/new-york-brooklyn-heights-dumbo-self-guided-walking-tour-t404742
365,https://www.getyourguide.com/new-york-city-l59/the-new-york-ghost-walk-and-paranormal-tour-t47950
366,https://www.getyourguide.com/new-york-city-l59/new-york-holiday-jazz-cruise-aboard-yacht-manhattan-ii-t100986
367,https://www.getyourguide.com/new-york-city-l59/private-statue-of-liberty-ellis-island-tour-t97680
368,https://www.getyourguide.com/new-york-city-l59/clipper-city-tall-ship-statue-sail-t7579
369,https://www.getyourguide.com/new-york-city-l59/nyc-hudson-yards-walking-tour-edge-observation-deck-entry-t373335
370,https://www.getyourguide.com/new-york-city-l59/new-york-city-sunset-cruise-on-small-yacht-t460748
371,https://www.getyourguide.com/new-york-city-l59/new-york-city-day-cruise-by-statue-of-liberty-on-small-yacht-t460778
372,https://www.getyourguide.com/new-york-city-l59/new-york-secrets-of-high-line-park-walking-tour-t177666
373,https://www.getyourguide.com/new-york-city-l59/one-world-observatory-statue-of-liberty-ellis-island-tour-t614220
374,https://www.getyourguide.com/new-york-city-l59/central-park-guided-bike-tours-t604370
375,https://www.getyourguide.com/new-york-city-l59/nyc-la-guardia-airport-lga-private-transfer-t384299
376,https://www.getyourguide.com/new-york-city-l59/excursion-to-atlantic-city-t558898
377,https://www.getyourguide.com/new-york-city-l59/flatiron-food-history-tour-t46914
378,https://www.getyourguide.com/new-york-city-l59/nyc-horses-carriage-ride-central-park-tour-t608427
379,https://www.getyourguide.com/new-york-city-l59/guided-elite-pedicab-tour-in-central-park-t602126
380,https://www.getyourguide.com/new-york-city-l59/new-york-art-deco-and-architecture-landmarks-tour-t407041
381,https://www.getyourguide.com/new-york-city-l59/vip-horse-carriage-ride-in-central-park-of-new-york-city-t437141
382,https://www.getyourguide.com/new-york-city-l59/an-afternoon-cycling-throughout-manhattan-a-bike-tour-t490961
383,https://www.getyourguide.com/new-york-city-l59/nyc-911-memorial-wall-street-and-statue-of-liberty-tour-t408324
384,https://www.getyourguide.com/new-york-city-l59/sightseeing-select-pass-ny-1-t595868
385,https://www.getyourguide.com/new-york-city-l59/niagara-fall-day-trip-from-new-york-city-by-air-t60280
386,https://www.getyourguide.com/new-york-city-l59/nyc-3-hour-private-christmas-light-limo-sightseeing-t183461
387,https://www.getyourguide.com/new-york-city-l59/nyc-monty-python-s-spamalot-on-broadway-t567294
388,https://www.getyourguide.com/new-york-city-l59/new-york-city-holiday-lights-and-cocoa-cruise-t393357
389,https://www.getyourguide.com/new-york-city-l59/guided-express-pedicab-tour-in-central-park-t546903
390,https://www.getyourguide.com/new-york-city-l59/greenwich-village-pizza-walk-t47438
391,https://www.getyourguide.com/new-york-city-l59/nyc-sushi-making-made-simple-with-classpop-t519245
392,https://www.getyourguide.com/new-york-city-l59/haunted-greenwich-village-tour-with-haunted-manhattan-t471475
393,https://www.getyourguide.com/new-york-city-l59/new-york-city-underground-brooklyn-brew-tour-t326366
394,https://www.getyourguide.com/new-york-city-l59/city-lights-sail-aboard-the-schooner-adirondack-t38737
395,https://www.getyourguide.com/new-york-city-l59/manhattan-private-sailing-yacht-for-luxury-sightseeing-t383097
396,https://www.getyourguide.com/new-york-city-l59/new-york-911-memorial-ground-zero-walking-tour-t383365
397,https://www.getyourguide.com/new-york-city-l59/one-world-observatory-world-trade-centre-2-hour-tour-t53655
398,https://www.getyourguide.com/new-york-city-l59/new-york-city-thanksgiving-gourmet-lunch-or-dinner-cruise-t57350
399,https://www.getyourguide.com/new-york-city-l59/full-day-washington-dc-tour-from-new-york-city-t518619
400,https://www.getyourguide.com/new-york-city-l59/official-central-park-pedicab-tours-t512935
401,https://www.getyourguide.com/new-york-city-l59/hell-s-kitchen-dessert-tour-t460536
402,https://www.getyourguide.com/new-york-city-l59/new-york-central-park-city-running-tour-t193529
403,https://www.getyourguide.com/new-york-city-l59/the-new-york-sandwich-tour-t459329
404,https://www.getyourguide.com/new-york-city-l59/upper-east-side-walking-food-tour-t505381
405,https://www.getyourguide.com/new-york-city-l59/nyc-s-little-italy-gangs-and-crime-private-walking-tour-t525842
406,https://www.getyourguide.com/new-york-city-l59/new-york-history-of-lower-manhattan-walking-tour-t269692
407,https://www.getyourguide.com/new-york-city-l59/private-transfer-newark-liberty-int-l-airport-to-mahattan-t43503
408,https://www.getyourguide.com/new-york-city-l59/big-apple-experience-t606540
409,https://www.getyourguide.com/new-york-city-l59/superheroes-in-new-york-city-private-walking-tour-t529573
410,https://www.getyourguide.com/new-york-city-l59/museum-and-memorial-911-district-and-911-walking-tour-t614269
411,https://www.getyourguide.com/new-york-city-l59/new-york-times-square-professional-photoshoot-t508583
412,https://www.getyourguide.com/new-york-city-l59/nyc-vintage-car-night-tour-t641590
413,https://www.getyourguide.com/new-york-city-l59/private-transfers-between-ewr-airport-and-new-york-city-t590396
414,https://www.getyourguide.com/new-york-city-l59/statue-of-liberty-ellis-island-by-ferry-with-private-guide-t530983
415,https://www.getyourguide.com/new-york-city-l59/new-york-city-grand-central-station-guided-tour-t440320
416,https://www.getyourguide.com/new-york-city-l59/christmas-light-night-tour-t534059
417,https://www.getyourguide.com/new-york-city-l59/new-york-city-guided-underground-donut-tour-in-times-square-t441386
418,https://www.getyourguide.com/new-york-city-l59/gourmet-flavors-of-chinatown-food-and-culture-walking-tour-t519804
419,https://www.getyourguide.com/new-york-city-l59/louis-armstrong-and-jazz-private-walking-tour-with-concert-t524647
420,https://www.getyourguide.com/new-york-city-l59/new-york-city-ultimate-bar-crawl-t330236
421,https://www.getyourguide.com/new-york-city-l59/1-or-2-hour-central-park-pedicab-tour-t145338
422,https://www.getyourguide.com/new-york-city-l59/1-hr-30-nyc-vintage-car-tour-cocktail-making-classyacht-t535101
423,https://www.getyourguide.com/new-york-city-l59/new-york-city-alexander-hamilton-the-founding-fathers-t92487
424,https://www.getyourguide.com/new-york-city-l59/secrets-of-bryant-park-a-self-guided-audio-tour-t492891
425,https://www.getyourguide.com/new-york-city-l59/new-york-city-afternoon-fall-foliage-cruise-t176691
426,https://www.getyourguide.com/new-york-city-l59/holiday-markets-and-lights-walking-tour-t53503
427,https://www.getyourguide.com/new-york-city-l59/made-in-brooklyn-tour-t557242
428,https://www.getyourguide.com/new-york-city-l59/1-hr-nyc-speakeasy-tour-in-a-vintage-car-t561069
429,https://www.getyourguide.com/new-york-city-l59/nyc-ultimate-greenwich-village-nyc-food-tour-t463855
430,https://www.getyourguide.com/new-york-city-l59/new-york-city-1-hour-central-park-sunrise-yoga-walk-t109222
431,https://www.getyourguide.com/new-york-city-l59/new-york-boos-and-booze-haunted-pub-crawl-t487939
432,https://www.getyourguide.com/new-york-city-l59/central-park-nyc-horse-and-carriage-ride-t411083
433,https://www.getyourguide.com/new-york-city-l59/rock-and-roll-history-and-culture-walking-tour-in-new-york-t549071
434,https://www.getyourguide.com/new-york-city-l59/new-york-city-the-high-line-and-the-vessel-guided-tour-t223809
435,https://www.getyourguide.com/new-york-city-l59/new-york-city-hop-on-hop-off-bus-tour-24-48-or-72-hours-t21009
436,https://www.getyourguide.com/new-york-city-l59/new-york-city-private-manhattan-limousine-tour-t413617
437,https://www.getyourguide.com/new-york-city-l59/grand-central-terminal-walking-in-app-audio-tour-eng-t594183
438,https://www.getyourguide.com/new-york-city-l59/new-york-city-pedicab-rickshaw-tour-t44048
439,https://www.getyourguide.com/new-york-city-l59/new-york-to-washington-dc-day-trip-by-rail-t61224
440,https://www.getyourguide.com/new-york-city-l59/new-york-city-romantic-central-park-carriage-ride-t210273
441,https://www.getyourguide.com/new-york-city-l59/nyc-easter-sunday-brunch-cruise-w-live-easter-bunny-t569285
442,https://www.getyourguide.com/new-york-city-l59/brooklyn-heights-and-dumbo-best-of-ny-food-tour-t460997
443,https://www.getyourguide.com/new-york-city-l59/the-best-food-tour-in-new-york-t452088
444,https://www.getyourguide.com/new-york-city-l59/new-york-city-boat-tour-with-bubbles-and-bites-t420268
445,https://www.getyourguide.com/new-york-city-l59/electric-bike-tour-classic-manhattan-and-more-t180134
446,https://www.getyourguide.com/new-york-city-l59/new-york-skip-the-line-metropolitan-museum-family-tour-t380299
447,https://www.getyourguide.com/new-york-city-l59/nyc-fall-foliage-private-hudson-river-yacht-cruise-t432093
448,https://www.getyourguide.com/new-york-city-l59/new-york-city-full-day-tour-rockefeller-center-ticket-t53784
449,https://www.getyourguide.com/new-york-city-l59/new-york-city-solo-or-couples-photoshoot-in-times-square-t580728
450,https://www.getyourguide.com/new-york-city-l59/original-new-york-city-jazz-sail-t12581
451,https://www.getyourguide.com/new-york-city-l59/romantic-helicopter-proposal-over-new-york-city-t309348
452,https://www.getyourguide.com/new-york-city-l59/new-york-statue-of-liberty-private-tour-for-families-t382989
453,https://www.getyourguide.com/new-york-city-l59/nyc-guided-walking-tour-of-brooklyn-s-donut-scene-t409072
454,https://www.getyourguide.com/new-york-city-l59/world-trade-center-911-and-ground-zero-walking-tour-t95397
455,https://www.getyourguide.com/new-york-city-l59/new-york-city-champagne-and-cheese-pairing-cruise-t397180
456,https://www.getyourguide.com/new-york-city-l59/new-york-city-river-cruise-with-brunch-buffet-t416238
457,https://www.getyourguide.com/new-york-city-l59/royal-carriage-ride-in-central-park-nyc-t638032
458,https://www.getyourguide.com/new-york-city-l59/911-ground-zero-tour-with-one-world-observatory-ticket-t208077
459,https://www.getyourguide.com/new-york-city-l59/official-vip-whole-central-park-horse-carriage-tour-t512920
460,https://www.getyourguide.com/new-york-city-l59/nolita-secrets-of-little-italy-food-and-history-tour-t519768
461,https://www.getyourguide.com/new-york-city-l59/skip-the-line-metropolitan-museum-of-art-tour-with-transfers-t525904
462,https://www.getyourguide.com/new-york-city-l59/new-york-city-little-italy-walking-tour-t415441
463,https://www.getyourguide.com/new-york-city-l59/central-park-guided-pedicab-tour-t549119
464,https://www.getyourguide.com/new-york-city-l59/new-york-75-minute-high-line-walking-tour-t43876
465,https://www.getyourguide.com/new-york-city-l59/grand-tour-central-park-rockefeller-center-times-square-t545627
466,https://www.getyourguide.com/new-york-city-l59/new-york-city-holiday-brunch-cruise-aboard-yacht-manhattan-t72701
467,https://www.getyourguide.com/new-york-city-l59/2-hour-broadway-walking-tour-in-new-york-t18792
468,https://www.getyourguide.com/new-york-city-l59/new-york-christmas-lights-pedicab-tour-t431257
469,https://www.getyourguide.com/new-york-city-l59/statue-of-liberty-and-ellis-island-guided-tour-t207873
470,https://www.getyourguide.com/new-york-city-l59/times-square-holiday-donut-hot-chocolate-adventure-t541300
471,https://www.getyourguide.com/new-york-city-l59/boston-by-rail-from-new-york-1-day-trip-t60826
472,https://www.getyourguide.com/new-york-city-l59/new-york-city-small-group-east-village-food-tour-t402085
473,https://www.getyourguide.com/new-york-city-l59/private-chauffeured-city-tour-in-a-classic-convertible-t31991
474,https://www.getyourguide.com/new-york-city-l59/private-street-art-tour-in-new-york-t485617
475,https://www.getyourguide.com/new-york-city-l59/new-york-empire-state-building-the-digital-audio-guide-t591378
476,https://www.getyourguide.com/new-york-city-l59/grand-central-terminal-private-walking-tour-with-transport-t523447
477,https://www.getyourguide.com/new-york-city-l59/nyc-tour-one-vanderbilt-tickets-times-square-rockefeller-t597637
478,https://www.getyourguide.com/new-york-city-l59/new-york-5-hour-sightseeing-walking-tour-with-food-tastings-t250642
479,https://www.getyourguide.com/new-york-city-l59/nyc-wall-street-self-guided-walking-tour-t404743
480,https://www.getyourguide.com/new-york-city-l59/nyc-new-year-s-eve-harbor-cruise-with-gourmet-lunch-t432162
481,https://www.getyourguide.com/new-york-city-l59/secrets-of-greenwich-village-t468369
482,https://www.getyourguide.com/new-york-city-l59/times-square-from-broadway-to-42nd-a-self-guided-audio-tour-t493524
483,https://www.getyourguide.com/new-york-city-l59/nyc-pedicab-tour-central-park-rockefeller-times-square-t328576
484,https://www.getyourguide.com/new-york-city-l59/luci-e-ponti-di-new-york-night-tour-in-italiano-t386183
485,https://www.getyourguide.com/new-york-city-l59/nyc-chinatown-little-italy-self-guided-walking-tour-hunt-t488593
486,https://www.getyourguide.com/new-york-city-l59/summit-one-vanderbilt-midtown-grand-central-tour-t593796
487,https://www.getyourguide.com/new-york-city-l59/express-pass-vip-private-tour-of-the-empire-state-building-t530889
488,https://www.getyourguide.com/new-york-city-l59/nyc-central-park-bike-tour-t472230
489,https://www.getyourguide.com/new-york-city-l59/fall-foliage-schooner-sail-up-the-hudson-river-with-lunch-t101360
490,https://www.getyourguide.com/new-york-city-l59/new-york-west-village-food-tour-t192585
491,https://www.getyourguide.com/new-york-city-l59/new-york-city-wall-street-to-the-world-trade-center-tour-t410386
492,https://www.getyourguide.com/new-york-city-l59/private-nyc-horror-movie-location-walking-tour-t491273
493,https://www.getyourguide.com/new-york-city-l59/private-central-park-bike-tour-t533959
494,https://www.getyourguide.com/new-york-city-l59/cental-park-nyc-horse-carriage-rides-t411170
495,https://www.getyourguide.com/new-york-city-l59/new-york-hop-on-hop-off-tour-and-one-world-observatory-t63454
496,https://www.getyourguide.com/new-york-city-l59/nyc-staten-island-museum-entrance-ticket-t415864
497,https://www.getyourguide.com/new-york-city-l59/new-york-city-private-photoshoot-in-amazing-times-square-t580576
498,https://www.getyourguide.com/new-york-city-l59/skip-the-line-one-world-observatory-tour-with-transfers-t532052
499,https://www.getyourguide.com/new-york-city-l59/nyc-golden-mile-fifth-avenue-guided-tour-t602650
500,https://www.getyourguide.com/new-york-city-l59/washington-desde-nueva-york-en-espanol-t519280
501,https://www.getyourguide.com/new-york-city-l59/new-york-tour-with-private-guide-t553049
502,https://www.getyourguide.com/new-york-city-l59/broadway-theatre-district-tour-t72309
503,https://www.getyourguide.com/new-york-city-l59/new-york-city-central-park-zoo-and-top-sights-walking-tour-t246602
504,https://www.getyourguide.com/new-york-city-l59/new-york-central-park-secrets-and-highlights-walking-tour-t400431
505,https://www.getyourguide.com/new-york-city-l59/private-nyc-tour-with-fun-activities-for-families-and-kids-t523341
506,https://www.getyourguide.com/new-york-city-l59/the-best-central-park-pedicab-guided-tours-t534779
507,https://www.getyourguide.com/new-york-city-l59/night-out-experience-t606658
508,https://www.getyourguide.com/new-york-city-l59/midtown-wonders-heart-of-manhattan-with-top-of-the-rock-t583139
509,https://www.getyourguide.com/new-york-city-l59/secret-central-park-a-visit-to-central-parks-hidden-gems-t155166
510,https://www.getyourguide.com/new-york-city-l59/high-line-chelsea-market-tour-t446099
511,https://www.getyourguide.com/new-york-city-l59/downtown-new-york-highlights-private-walking-tour-t525414
512,https://www.getyourguide.com/new-york-city-l59/new-york-city-pedicab-tour-through-central-park-t328641
513,https://www.getyourguide.com/new-york-city-l59/new-york-city-history-highlights-of-midtown-manhattan-t471206
514,https://www.getyourguide.com/new-york-city-l59/full-day-new-york-city-tour-all-must-see-sites-t145008
515,https://www.getyourguide.com/new-york-city-l59/new-york-city-high-line-hudson-yards-walking-tour-t216939
516,https://www.getyourguide.com/new-york-city-l59/midtown-manhattan-street-food-walking-tour-t65912
517,https://www.getyourguide.com/new-york-city-l59/2-hr-central-park-pedicab-tours-t16783
518,https://www.getyourguide.com/new-york-city-l59/new-york-city-walking-tour-roosevelt-island-t500470
519,https://www.getyourguide.com/new-york-city-l59/nyc-the-ghosts-of-greenwich-village-exploration-game-t412491
520,https://www.getyourguide.com/new-york-city-l59/central-park-free-walking-tour-t594959
521,https://www.getyourguide.com/new-york-city-l59/tour-of-new-york-city-at-night-t19383
522,https://www.getyourguide.com/new-york-city-l59/outdoor-portrait-photoshoot-in-new-york-city-t542899
523,https://www.getyourguide.com/new-york-city-l59/chelsea-west-village-dessert-tour-t460846
524,https://www.getyourguide.com/new-york-city-l59/remnants-of-dutch-new-amsterdam-t445558
525,https://www.getyourguide.com/new-york-city-l59/private-tour-of-high-line-chelsea-hudson-yards-and-edge-t531118
526,https://www.getyourguide.com/new-york-city-l59/nyc-midtown-manhattan-self-guided-walking-tour-t401008
527,https://www.getyourguide.com/new-york-city-l59/new-york-city-halloween-tour-in-brooklyn-t516708
528,https://www.getyourguide.com/new-york-city-l59/from-nyc-private-transfer-from-nyc-airports-to-hotels-t551150
529,https://www.getyourguide.com/new-york-city-l59/new-york-superheroes-of-ny-exploration-game-t412144
530,https://www.getyourguide.com/new-york-city-l59/electric-bike-rentals-in-new-york-t464762
531,https://www.getyourguide.com/new-york-city-l59/new-york-city-day-trip-to-hudson-valley-wine-country-t363290
532,https://www.getyourguide.com/new-york-city-l59/explore-the-real-brooklyn-t560714
533,https://www.getyourguide.com/new-york-city-l59/fotografias-en-puntos-turisticos-en-nueva-york-t585258
534,https://www.getyourguide.com/new-york-city-l59/one-world-observatory-district-and-911-walking-tour-t614259
535,https://www.getyourguide.com/new-york-city-l59/pedicab-tours-guided-central-park-tours-t539775
536,https://www.getyourguide.com/new-york-city-l59/new-york-city-lights-champagne-sail-aboard-a-schooner-t23095
537,https://www.getyourguide.com/new-york-city-l59/new-york-city-central-park-exploration-game-t421638
538,https://www.getyourguide.com/new-york-city-l59/helicopter-flight-lesson-over-new-york-t59801
539,https://www.getyourguide.com/new-york-city-l59/new-york-central-park-self-guided-audio-walking-tour-t416390
540,https://www.getyourguide.com/new-york-city-l59/nyc-brooklyn-bridge-dumbo-walking-tour-t542472
541,https://www.getyourguide.com/new-york-city-l59/central-park-self-guided-bike-tour-app-audio-written-t608994
542,https://www.getyourguide.com/new-york-city-l59/nyc-911-memorial-and-financial-district-walking-tour-t274922
543,https://www.getyourguide.com/new-york-city-l59/nyc-helicopter-sightseeing-experience-with-champagne-toast-t133758
544,https://www.getyourguide.com/new-york-city-l59/cathedral-of-st-john-the-divine-nyc-self-guided-tour-t532886
545,https://www.getyourguide.com/new-york-city-l59/new-york-city-15-hour-cupcake-bakery-crawl-t356820
546,https://www.getyourguide.com/new-york-city-l59/new-york-city-chinatown-walking-tour-t300451
547,https://www.getyourguide.com/new-york-city-l59/nyc-kimberly-akimbo-on-broadway-t448073
548,https://www.getyourguide.com/new-york-city-l59/electrical-scooter-rentals-in-nyc-t464765
549,https://www.getyourguide.com/new-york-city-l59/nyc-east-village-tv-movie-sites-walking-tour-t243617
550,https://www.getyourguide.com/new-york-city-l59/nyc-battery-park-and-statue-of-liberty-self-guided-tour-t404740
551,https://www.getyourguide.com/new-york-city-l59/new-york-city-private-911-memorial-ground-zero-tour-t107098
552,https://www.getyourguide.com/new-york-city-l59/nyc-ground-zero-family-tour-with-ticket-for-911-museum-t131220
553,https://www.getyourguide.com/new-york-city-l59/new-york-city-times-square-video-experience-t631098
554,https://www.getyourguide.com/new-york-city-l59/lower-manhattan-experience-including-wall-street-and-911-mem-t542902
555,https://www.getyourguide.com/new-york-city-l59/haunted-village-of-new-york-city-walking-tour-t491936
556,https://www.getyourguide.com/new-york-city-l59/bronx-scavenger-hunt-t591736
557,https://www.getyourguide.com/new-york-city-l59/new-york-city-private-tour-secrets-of-central-park-t467481
558,https://www.getyourguide.com/new-york-city-l59/manhattan-scavenger-hunt-t561061
559,https://www.getyourguide.com/new-york-city-l59/nyc-new-york-city-ballet-at-lincoln-center-t567258
560,https://www.getyourguide.com/new-york-city-l59/nyc-hadestown-on-broadway-show-ticket-t436999
561,https://www.getyourguide.com/new-york-city-l59/early-access-911-memorial-pools-lady-liberty-60-min-cruise-t123032
562,https://www.getyourguide.com/new-york-city-l59/everything-new-york-city-customizable-luxury-suv-tour-t21872
563,https://www.getyourguide.com/new-york-city-l59/nyc-central-park-highlights-self-guided-walking-tour-t426991
564,https://www.getyourguide.com/new-york-city-l59/new-york-city-3-day-tour-with-private-guide-t144993
565,https://www.getyourguide.com/new-york-city-l59/bridges-of-new-york-professional-photoshoot-t474246
566,https://www.getyourguide.com/new-york-city-l59/new-york-city-central-park-self-guided-walking-tour-t408201
567,https://www.getyourguide.com/new-york-city-l59/nyc-central-park-attractions-smartphone-puzzle-quest-t408837
568,https://www.getyourguide.com/new-york-city-l59/new-york-high-line-and-greenwich-village-combo-tour-t43877
569,https://www.getyourguide.com/new-york-city-l59/nyc-cinco-de-mayo-sunset-party-cruise-with-premium-open-bar-t640279
570,https://www.getyourguide.com/new-york-city-l59/new-york-iconic-photography-walking-tour-t51695
571,https://www.getyourguide.com/new-york-city-l59/nyc-lights-at-night-city-skyline-cruise-t570109
572,https://www.getyourguide.com/new-york-city-l59/nyc-the-play-that-goes-wrong-ticket-at-new-world-stages-t436987
573,https://www.getyourguide.com/new-york-city-l59/clipper-city-tall-ship-beer-tasting-sail-t7715
574,https://www.getyourguide.com/new-york-city-l59/east-village-historic-new-york-donut-tour-with-tastings-t487934
575,https://www.getyourguide.com/new-york-city-l59/new-york-famous-artists-of-manhattan-self-guided-city-game-t378184
576,https://www.getyourguide.com/new-york-city-l59/manhattan-comprehensive-full-day-tour-with-lunch-t6819
577,https://www.getyourguide.com/new-york-city-l59/halfday-manhattan-and-brooklyn-self-guided-audio-tour-t455136
578,https://www.getyourguide.com/new-york-city-l59/jewish-history-of-nyc-private-tour-with-transfers-t525843
579,https://www.getyourguide.com/new-york-city-l59/express-limo-inc-t549875
580,https://www.getyourguide.com/new-york-city-l59/new-york-city-south-of-manhattan-walking-tour-t440315
581,https://www.getyourguide.com/new-york-city-l59/new-york-outdoor-escape-game-shakespeare-in-central-park-t480010
582,https://www.getyourguide.com/new-york-city-l59/marvel-universe-in-new-york-in-app-audio-tour-t478534
583,https://www.getyourguide.com/new-york-city-l59/nyc-911-memorial-and-financial-district-walking-tour-t398178
584,https://www.getyourguide.com/new-york-city-l59/new-york-traditional-immigrant-foods-guided-walking-tour-t427199
585,https://www.getyourguide.com/new-york-city-l59/new-york-city-midtown-manhattan-mob-city-game-t418375
586,https://www.getyourguide.com/new-york-city-l59/amazing-scavenger-hunt-adventure-new-york-mid-central-park-t171975
587,https://www.getyourguide.com/new-york-city-l59/dyker-heights-holiday-lights-t518023
588,https://www.getyourguide.com/new-york-city-l59/nyc-luggage-storage-in-brooklyn-bridge-t603634
589,https://www.getyourguide.com/new-york-city-l59/central-park-pedicab-rides-guided-tours-t535272
590,https://www.getyourguide.com/new-york-city-l59/the-unofficial-succession-tour-t526673
591,https://www.getyourguide.com/new-york-city-l59/nyc-fabulous-drag-queen-night-out-with-drinks-t639207
592,https://www.getyourguide.com/new-york-city-l59/3-day-niagara-falls-washington-dc-from-new-york-t642833
593,https://www.getyourguide.com/new-york-city-l59/new-york-city-night-views-a-panoramic-hop-on-hop-off-tour-t637339
594,https://www.getyourguide.com/new-york-city-l59/private-2-hour-nyc-walking-tour-with-a-personal-photographer-t9047
595,https://www.getyourguide.com/new-york-city-l59/rockefeller-center-art-history-a-self-guided-audio-tour-t492987
596,https://www.getyourguide.com/new-york-city-l59/sugar-hill-north-walking-tour-t83238
597,https://www.getyourguide.com/new-york-city-l59/tcm-classic-film-tour-new-york-t38916
598,https://www.getyourguide.com/new-york-city-l59/nyc-soho-chinatown-and-little-italy-in-app-audio-tour-t478504
599,https://www.getyourguide.com/new-york-city-l59/top-10-attractions-of-new-york-city-full-day-tour-by-car-t531031
600,https://www.getyourguide.com/new-york-city-l59/central-park-movies-tv-shows-tours-with-pedicab-t535263
601,https://www.getyourguide.com/new-york-city-l59/nyc-midtown-self-guided-walking-tour-and-scavenger-hunt-t475790
602,https://www.getyourguide.com/new-york-city-l59/iconic-new-york-photo-safari-t35258
603,https://www.getyourguide.com/new-york-city-l59/greenwich-village-night-life-walking-tour-t480131
604,https://www.getyourguide.com/new-york-city-l59/private-photo-shoot-in-new-york-city-t190574
605,https://www.getyourguide.com/new-york-city-l59/nyc-bagels-and-bakeries-food-tour-t612080
606,https://www.getyourguide.com/new-york-city-l59/chelsea-guided-tour-from-past-to-future-t632157
607,https://www.getyourguide.com/new-york-city-l59/stonewall-and-lgbt-history-private-walking-tour-in-nyc-t525840
608,https://www.getyourguide.com/new-york-city-l59/donald-trump-buildings-in-nyc-private-walking-tour-t523343
609,https://www.getyourguide.com/new-york-city-l59/the-escape-game-brooklyn-60-minute-adventures-t611268
610,https://www.getyourguide.com/new-york-city-l59/new-york-city-wall-street-and-911-memorial-walking-tour-t70984
611,https://www.getyourguide.com/new-york-city-l59/secrets-of-the-lower-east-side-tour-and-tasting-t592274
612,https://www.getyourguide.com/new-york-city-l59/secrets-of-lower-manhattan-new-york-city-walking-tour-t496021
613,https://www.getyourguide.com/new-york-city-l59/guggenheim-museum-audio-guide-admission-txt-not-included-t558310
614,https://www.getyourguide.com/new-york-city-l59/new-york-nyc-hot-tub-boat-tour-t489089
615,https://www.getyourguide.com/new-york-city-l59/friends-in-new-york-city-private-tour-by-car-with-tickets-t529763
616,https://www.getyourguide.com/new-york-city-l59/the-heart-of-new-york-t501352
617,https://www.getyourguide.com/new-york-city-l59/private-professional-photoshoot-session-in-new-york-t594455
618,https://www.getyourguide.com/new-york-city-l59/nyc-food-tasting-and-washington-square-park-walking-tour-t356335
619,https://www.getyourguide.com/new-york-city-l59/nyc-treasure-the-finest-colombian-coffee-in-new-york-city-t613692
620,https://www.getyourguide.com/new-york-city-l59/new-york-la-guardia-airport-private-limousine-transfer-t336201
621,https://www.getyourguide.com/new-york-city-l59/fashion-photoshoot-in-new-york-city-t542892
622,https://www.getyourguide.com/new-york-city-l59/new-york-city-personal-travel-and-vacation-photographer-t548167
623,https://www.getyourguide.com/new-york-city-l59/the-original-greenwich-village-food-and-culture-walking-tour-t515757
624,https://www.getyourguide.com/new-york-city-l59/the-beatles-in-nyc-private-walking-tour-t529572
625,https://www.getyourguide.com/new-york-city-l59/manhattan-project-tour-oppenheimer-in-new-york-t495886
626,https://www.getyourguide.com/new-york-city-l59/new-york-city-pizza-crawl-best-of-manhattan-route-t467937
627,https://www.getyourguide.com/new-york-city-l59/new-york-city-2-hour-when-harry-met-seinfeld-tour-t101378
628,https://www.getyourguide.com/new-york-city-l59/flatiron-architectural-marvels-tour-t446101
629,https://www.getyourguide.com/new-york-city-l59/new-york-city-s-financial-district-a-self-guided-audio-tour-t447221
630,https://www.getyourguide.com/new-york-city-l59/new-york-city-basketball-walking-tour-t491993
631,https://www.getyourguide.com/new-york-city-l59/nightlife-experience-the-meatpacking-district-after-dark-t139710
632,https://www.getyourguide.com/new-york-city-l59/nyc-best-restaurants-in-the-east-village-food-tour-wine-t566131
633,https://www.getyourguide.com/new-york-city-l59/nyc-discover-subway-secrets-underneath-lower-manhattan-t412318
634,https://www.getyourguide.com/new-york-city-l59/new-york-self-guided-audio-tour-t71115
635,https://www.getyourguide.com/new-york-city-l59/new-york-city-combination-self-guided-walking-tours-t404772
636,https://www.getyourguide.com/new-york-city-l59/manhattan-to-jfk-jfk-to-manhattan-transfer-service-t554980
637,https://www.getyourguide.com/new-york-city-l59/fall-foliage-helicopter-tour-of-the-hudson-valley-t63426
638,https://www.getyourguide.com/new-york-city-l59/app-self-guided-road-routes-new-york-t630593
639,https://www.getyourguide.com/new-york-city-l59/new-york-city-clipper-city-craft-beer-lobster-sail-t254237
640,https://www.getyourguide.com/new-york-city-l59/family-photoshoot-in-new-york-city-t542910
641,https://www.getyourguide.com/new-york-city-l59/easy-access-empire-state-building-nyc-harry-potter-shop-t593804
642,https://www.getyourguide.com/new-york-city-l59/uptown-sex-and-the-city-hotspots-tour-t490244
643,https://www.getyourguide.com/new-york-city-l59/new-york-city-morning-skyline-tour-t301753
644,https://www.getyourguide.com/new-york-city-l59/best-of-brooklyn-the-brooklyn-revolution--t494239
645,https://www.getyourguide.com/new-york-city-l59/rockettes-christmas-spectacular-pedicab-rides-in-nyc-t534789
646,https://www.getyourguide.com/new-york-city-l59/fluid-art-private-exprience-t554216
647,https://www.getyourguide.com/new-york-city-l59/skip-the-line-met-cloisters-fifth-avenue-tour-by-car-t525905
648,https://www.getyourguide.com/new-york-city-l59/lower-manhattan-self-guided-walking-tour-scavenger-hunt-t475780
649,https://www.getyourguide.com/new-york-city-l59/movies-in-new-york-city-private-walking-tour-t524646
650,https://www.getyourguide.com/new-york-city-l59/private-new-york-city-tour-by-night-with-local-guide-t145005
651,https://www.getyourguide.com/new-york-city-l59/central-park-tour-life-changing-experience-t616290
652,https://www.getyourguide.com/new-york-city-l59/art-tour-new-york-t56443
653,https://www.getyourguide.com/new-york-city-l59/7-wonders-of-midtown-in-new-york-city-exploration-game-t395171
654,https://www.getyourguide.com/new-york-city-l59/harlem-soul-food-and-jazz-tour-t116500
655,https://www.getyourguide.com/new-york-city-l59/market-57-chelsea-food-tour-t560370
656,https://www.getyourguide.com/new-york-city-l59/cena-en-hard-rock-cafe-t508771
657,https://www.getyourguide.com/new-york-city-l59/new-york-central-park-sightseeing-pedicab-tour-t619784
658,https://www.getyourguide.com/new-york-city-l59/new-york-city-4h-personal-travel-and-vacation-photographer-t592794
659,https://www.getyourguide.com/new-york-city-l59/hamilton-washington-in-new-york-secrets-of-the-past-t461958
660,https://www.getyourguide.com/new-york-city-l59/new-york-city-proposal-photography-t580031
661,https://www.getyourguide.com/new-york-city-l59/corporate-creativity-splash-t554831
662,https://www.getyourguide.com/new-york-city-l59/new-york-private-broadway-night-out-experience-t502938
663,https://www.getyourguide.com/new-york-city-l59/statue-of-liberty-empire-state-building-5-hour-tour-by-car-t530875
664,https://www.getyourguide.com/new-york-city-l59/hot-dog-food-tour-a-new-york-t508440
665,https://www.getyourguide.com/new-york-city-l59/nyc-broadway-and-show-business-private-walking-tour-t525418
666,https://www.getyourguide.com/new-york-city-l59/skip-the-line-empire-state-building-tour-with-transfers-t531414
667,https://www.getyourguide.com/new-york-city-l59/tastes-of-lower-east-side-tour-t545013
668,https://www.getyourguide.com/new-york-city-l59/nyc-guggenheim-museum-ticket-in-app-audio-tour-eng-t596722
669,https://www.getyourguide.com/new-york-city-l59/nyc-2-hours-of-playtime-at-complete-playground-t630470
670,https://www.getyourguide.com/new-york-city-l59/deep-tissue-massage-therapy-nyc-60-mins-t632257
671,https://www.getyourguide.com/new-york-city-l59/chinatown-little-italy-and-the-lower-east-side-t579877
672,https://www.getyourguide.com/new-york-city-l59/nyc-limousine-tour-by-stretch-limo-or-luxury-van-3-hr-t628293
673,https://www.getyourguide.com/new-york-city-l59/private-nyc-rom-com-movie-sites-tour-t491444
674,https://www.getyourguide.com/new-york-city-l59/friends-virtual-tour-package-t394491
675,https://www.getyourguide.com/new-york-city-l59/midtown-manhattan-history-and-architecture-private-tour-t128574
676,https://www.getyourguide.com/new-york-city-l59/soholittle-italy-chinatown-walking-tour-in-new-york-city-t593891
677,https://www.getyourguide.com/new-york-city-l59/new-york-city-super-heroes-t533845
678,https://www.getyourguide.com/new-york-city-l59/highlights-of-new-york-full-day-walking-tour-t593853
679,https://www.getyourguide.com/new-york-city-l59/whiskey-storiesr-immersive-multisensory-experiences-t525727
680,https://www.getyourguide.com/new-york-city-l59/1-hour-central-park-tour-by-pedicab-t28419
681,https://www.getyourguide.com/new-york-city-l59/central-park-guided-pedicab-tour-t623608
682,https://www.getyourguide.com/new-york-city-l59/new-york-flatiron-district-city-game-t412182
683,https://www.getyourguide.com/new-york-city-l59/nyc-4th-of-july-fireworks-on-clipper-city-tall-ship-t425117
684,https://www.getyourguide.com/new-york-city-l59/historic-downtown-manhattan-and-the-financial-district-t48477
685,https://www.getyourguide.com/new-york-city-l59/private-new-york-city-food-tour-with-friendly-local-guide-t144705
686,https://www.getyourguide.com/new-york-city-l59/half-day-full-central-park-walking-tour-t642447
687,https://www.getyourguide.com/new-york-city-l59/new-york-to-philadelphia-day-trip-by-rail-t61218
688,https://www.getyourguide.com/new-york-city-l59/west-village-speakeasy-experience-t634680
689,https://www.getyourguide.com/new-york-city-l59/greenwich-village-food-crawl-t136616
690,https://www.getyourguide.com/new-york-city-l59/the-history-of-old-new-york-t592269
691,https://www.getyourguide.com/new-york-city-l59/new-york-city-highlights-private-walking-tour-t524645
692,https://www.getyourguide.com/new-york-city-l59/new-york-food-on-foot-go-west-guided-tour-t61424
693,https://www.getyourguide.com/new-york-city-l59/4-day-niagara-falls-dc-boston-tour-from-new-york-t642935
694,https://www.getyourguide.com/new-york-city-l59/new-york-en-domingo-contrastes-gospel-t639640
695,https://www.getyourguide.com/new-york-city-l59/2-day-philadelphia-washington-dc-tour-from-new-yorknew-jer-t642774
