Unterkunft_27-30-06_10-20-10,Preis/Nacht
St. Gallen Zimmer Nähe Uni/Stadtzentrum Jugendstil,CHF 98.00
Engelburg Zuhause mit Aussicht,CHF 51.00
"Central, Cozy Home near HSG/FH/Olma-Area/Hospital",CHF 102.00
Charmante Wohnung auf dem Lande und doch zentral,CHF 116.00
"Privatzimmer St Gallen Olma, Uni, HSG, FHS3",CHF 60.00
Komfortables Einzelzimmer,CHF 37.00
Gemütliche möblierte Attika nähe HSG Uni & OLMA,CHF 146.00
Nah an der Natur und ÖV vor der Tür,CHF 75.00
Gartenstudio in Appenzellerhaus,CHF 78.00
Ruhiges Zimmer in ländlicher Umgebung nahe SG,CHF 58.00
Ort für Auszeit im Grünen,CHF 115.00
Die charmante Ferienwohnung,CHF 88.00
Einzigartige Lage direkt am See mit endlosem Blick,CHF 197.00
ACHTE auf die LÜCKE am Bodensee,CHF 183.00
Gemütliche Loft in umgebauter Remise,CHF 152.00
Traumhafte Familienferien in Landhaus im Grünen,CHF 353.00
Ganze Wohnung mitten in der Altstadt von Arbon,CHF 94.00
Wellness,CHF 296.00
Leimathof Wohnung Typ I,CHF 218.00
Charmante Wohnung in Rotmonten,CHF 159.00
wunderschönes studio im dorfkern von trogen,CHF 86.00
hübsche 2 1/2 Zimmer Dachwohnung,CHF 100.00
Idyllisches Plätzchen in Thurgauer Weiler,CHF 98.00
Gemütliche Unterkunft am ruhigen Stadtrand,CHF 110.00
"Attika 2,5 Zimmer möbliert Nähe HSG Universität",CHF 147.00
1er Zimmer ruhig 5 Min. bis ÖV,CHF 63.00
"Privatzimmer in St. Gallen Olma, Uni, HSG, FHS2",CHF 62.00
Privatzimmer - Tolle Aussicht auf den See,CHF 61.00
Idyllischer Bauwagen auf dem Bio Bauernhof,CHF 125.00
Unterkünft 2 Minuten von See,CHF 91.00
Stilvoll zentral 1 Zi-Studio im Gertrud Schlössli,"54 CHF pro Nacht, ursprünglich 60 CHF"
Nachhaltig Wohnen ohne Kompromisse!,81 CHF pro Nacht
Studio mit Charme und Aussicht,"58 CHF pro Nacht, ursprünglich 69 CHF"
Zur Geduld,"84 CHF pro Nacht, ursprünglich 94 CHF"
"2.5 Zimmer mit Balkon Nähe Spital, Uni",95 CHF pro Nacht
Grosszügige Wohnung in der Stadt,"147 CHF pro Nacht, ursprünglich 160 CHF"
Poliba St.Gallen-3 1/2 zimmer wohnung,47 CHF pro Nacht
Studio mit Panoramaaussicht,"58 CHF pro Nacht, ursprünglich 69 CHF"
TouchBed | Budget Studio,101 CHF pro Nacht
Ganze Wohnung mitten in der Altstadt von Arbon,"61 CHF pro Nacht, ursprünglich 69 CHF"
Fühlen sie sich wie zu Hause,"42 CHF pro Nacht, ursprünglich 46 CHF"
2.New Apartment 2 Min vom Bahnhof,"139 CHF pro Nacht, ursprünglich 158 CHF"
"2.5 Zimmer, modern, ruhig und zentrumsnah",124 CHF pro Nacht
Gartenstudio in Appenzellerhaus,"63 CHF pro Nacht, ursprünglich 68 CHF"
Studio Trailalps: Nähe St. Gallen,"66 CHF pro Nacht, ursprünglich 80 CHF"
Kernsanierte Wohnung nähe Bahnhof und Zentrum,130 CHF pro Nacht
"Modernes, hochwertiges Studio","61 CHF pro Nacht, ursprünglich 73 CHF"
Neu möblierte schöne Wohnung im Zentrum *AppleTV*,"104 CHF pro Nacht, ursprünglich 114 CHF"
Ferienhaus Frojach,71 CHF pro Nacht
Vieste Granatapfel Haus spektakuläre Meerblick!,84 CHF pro Nacht
Luxus-Appartement Mario 4+2 & 50m zum Strand,67 CHF pro Nacht
Herrliche Villa Mare Blue mit privatem Pool,112 CHF pro Nacht
Mylos -by Stomio-,"52 CHF pro Nacht, ursprünglich 58 CHF"
Votsalo 2,101 CHF pro Nacht
Prinos Sea Side.,47 CHF pro Nacht
Gemütliche & romantische Wohnung mit atemberaubender Aussicht,59 CHF pro Nacht
Shipwreck_Nearby/Big_Patio/Free_public_parking/,46 CHF pro Nacht
"Modernes Robinson Nane""",78 CHF pro Nacht
Taihouse,204 CHF pro Nacht
Villa Split Art-Pistacio Apartment,55 CHF pro Nacht